distance_miles,package_weight_lb,num_items,delivery_hour,delivery_on_weekend,delivery_time_min,tip_given,is_heavy
13.24358056865514,9.423913025702092,6,6,0,87.31657792367396,0,0
18.18450548763917,1.9789825281363944,7,15,0,114.60740685174548,1,0
9.772078904810368,15.119620797987851,2,2,0,31.3613037623632,1,0
14.56312129240477,29.110837312534752,6,15,0,102.60390166804807,1,1
11.205958841520474,18.244880024461185,11,20,1,76.34346174427256,0,0
18.03138979875185,32.80035357739303,9,16,1,161.1019294101363,0,1
13.72301531922695,13.843213540516794,9,9,0,217.3325641156617,0,0
3.9212486920724574,27.96571715809282,10,18,0,81.92930331917933,0,1
7.474352116548885,11.81835687619194,13,11,0,137.20823716332177,0,0
19.246709658530577,8.874204357412658,2,12,0,55.07238126573055,1,0
19.174646816843897,8.85613099131154,8,3,0,118.65403257063204,1,0
7.815808581215118,8.713255530488428,1,14,0,14.480706391410225,0,0
15.542773232485503,36.64788364416717,2,17,1,115.00957274042604,0,1
8.261670261785293,27.5859996383096,11,8,1,69.94303294583888,1,1
17.86258096757023,21.793764298962994,6,16,0,336.7791079571321,0,1
18.04256044915776,29.44302544885158,8,19,0,272.4210751667342,0,1
3.402119086581262,7.894802368720226,8,6,0,29.510182682279854,1,0
18.47764634355921,7.0078215265290185,11,16,0,272.73216165697494,1,0
15.314501288663868,11.968618857991084,7,5,0,98.90575512516264,0,0
8.29593264980006,15.878178130175332,9,23,1,57.38732991813108,0,0
6.934261502102657,3.957034179672405,5,17,1,47.978485979422686,1,0
4.516520416441434,16.037746997529844,14,0,1,34.89302584394658,0,0
17.079923902862554,22.803106575577885,6,19,0,242.91112809570248,0,1
15.657232526936156,22.566203714516643,7,14,1,123.48202494701857,0,1
19.794974542620512,22.394897756536796,10,12,0,173.6273488408517,1,1
5.167901567723556,28.22054103057327,11,13,0,44.79256484538749,1,1
7.738508273890767,18.09320508376852,13,1,1,56.35940456810194,0,0
13.012742370969018,15.61267086455748,5,13,1,83.18408622650166,1,0
1.5623310467009748,38.81577584822672,11,22,0,37.91488456386602,1,1
15.422358744617744,8.258197952357841,8,7,0,241.70164311435065,0,0
11.8908670537293,25.80570404797235,8,17,0,204.91094859191512,0,1
8.121877874057313,17.419811980061084,4,6,1,46.235372526717555,0,0
4.690297824085663,36.676366403093766,5,19,0,76.66933472591947,0,1
4.287944522850927,9.014531399050018,11,9,0,72.02465423302095,0,0
2.820068655577143,22.999757810891445,9,13,0,33.240474875185704,0,1
17.480178484654417,17.10197867035816,2,19,1,51.3112415249728,1,0
18.62627575037284,2.260144655636505,12,10,1,115.00085056444308,0,0
3.320650921495885,39.176486805814825,12,9,0,105.3147682270139,0,1
6.370054823107987,22.5624653765846,10,8,0,146.2871306084973,0,1
6.506999432723904,5.428570407428191,3,6,0,30.064834966171453,0,0
2.908344716372,10.670406449875395,10,5,0,25.81288440488702,1,0
9.052882401616438,33.98142162632162,2,21,0,158.3966289879156,1,1
11.314721233104557,21.033640158898397,6,13,1,75.50617266818192,1,1
2.145281117439057,9.504237766641404,11,18,1,19.34160504458851,0,0
18.13985712783836,8.57352236196862,8,8,1,115.38391754584067,1,0
0.3555446302588647,37.979509839471895,9,23,1,27.159156153503943,0,1
6.297322078064791,10.22379343418448,3,4,0,28.044795537605687,0,0
4.427896233924919,37.701455629306665,13,19,1,48.69825220299056,0,1
8.637382000776459,6.3412381250614205,5,12,0,58.32300116995567,1,0
0.8155800035129728,22.065932968956623,13,13,0,20.257288878017878,1,1
18.639855451604888,20.54680242145496,4,2,0,128.00118209939876,1,1
11.485395567448824,12.031466305753346,7,19,0,166.92142990504956,0,0
9.52271706054244,16.82496541123149,12,20,1,65.1786297571709,0,0
14.994481006447812,5.757414349299257,8,0,0,97.41609855979952,1,0
17.31953496003857,33.90176060746244,4,13,0,125.12136779331746,0,1
13.395900976493266,19.34695191150624,4,8,0,137.5155769414526,0,0
16.461654250204795,37.15893254767538,8,12,1,138.08015698404014,0,1
11.743428230484325,13.05140590635612,13,13,1,76.79410216818975,1,0
2.6175648907017117,37.02235873133964,13,16,1,40.20256214048728,0,1
16.699659666505536,17.035977638275416,9,22,0,109.29828721042436,0,0
16.16636908055862,38.95243528041344,5,15,0,114.76713087817741,1,1
10.22553530627343,1.3284725596482136,11,14,0,65.2167089345069,1,0
2.346532038336972,10.64697594343119,13,5,0,23.662929542947108,0,0
16.962804097881932,6.589915748552829,13,17,1,106.30001466702826,0,0
3.5683275288112646,18.123907294241544,13,22,0,29.029105855165696,0,0
3.3400633691719457,4.1691693648287576,3,4,0,15.204175691477474,1,0
2.6835424523491422,17.91685343330913,8,23,0,20.225266718442086,1,0
16.31118876184544,16.00718498888373,14,16,1,103.03332065491084,0,0
4.790316501572952,2.467010138381861,12,12,0,36.84032622055783,0,0
13.02193136509078,32.41821855810502,11,1,1,114.69868305142795,0,1
10.4181752651509,17.000694634175325,13,10,1,70.49011245042666,0,0
4.549198252568283,22.04612915268854,12,10,0,101.92774220439334,1,1
2.204417724571835,31.383896510291272,10,17,1,27.676817459306452,0,1
13.425150016636875,6.9481502723522,1,16,1,23.427561468164143,1,0
11.057028484923638,22.6773488135618,4,9,0,188.20233712034295,0,1
14.681810116712578,11.157999891859411,10,12,1,96.01155158183953,0,0
0.386304517676112,6.025537572240195,4,5,0,7.182607354799957,0,0
4.403074341391433,18.383721162541462,10,17,0,65.59592782240081,0,0
12.077668580663593,39.42754672063477,14,19,1,119.44176378599957,0,1
1.713448448935354,11.223456794161708,8,9,0,38.27691371295455,0,0
1.9071850408939364,2.462162368977375,1,3,0,4.542802564361773,0,0
18.94213247087707,20.46868911859163,12,8,1,170.00546377425388,1,1
15.624706791584336,30.436202411633168,7,20,0,237.675785009825,1,1
6.872096495584678,9.694615319914604,2,13,1,21.89680043882709,1,0
13.133897429649435,15.990160710350931,2,12,0,38.1128904889128,1,0
2.230497995663184,9.456681885152532,4,12,1,16.034641335756806,0,0
5.55297491001937,37.77123386091565,11,0,1,55.33174316137861,0,1
16.90532877848878,17.638027220710164,7,14,1,105.61111509281989,1,0
7.484024230643302,17.335104909308598,8,20,0,97.72024294651987,0,0
19.492715923235043,28.463630433370454,10,16,0,362.0393621656366,1,1
2.7470674349915085,32.47093705390907,9,8,0,76.76907692891301,1,1
11.51844737493119,31.284094822188525,12,17,0,235.81720384233492,0,1
1.6048013452087728,12.98776968304626,8,13,0,15.996482751436334,0,0
19.96458423787201,19.092544134988003,11,3,0,128.37745773549642,0,0
9.832327562874454,1.5324952980276527,1,6,0,18.25429613552665,1,0
13.485461981010246,32.594271463091104,6,17,0,233.8802174799612,1,1
11.041946159771172,18.706470654448776,12,13,0,71.96070465280705,0,0
13.661407566818294,30.967890279014863,13,14,0,122.79683552116197,1,1
10.720360925763172,7.129980734101308,8,3,0,71.95736948174952,1,0
3.77846708625314,11.67475215772671,10,22,1,31.813728624825234,0,0
10.947035841468512,28.10523847813105,6,3,0,75.33865530004918,1,1
14.84387641401478,25.34794659281073,6,15,0,104.01718520006773,0,1
9.904093611128522,28.123020193875902,14,4,1,90.5641245282114,1,1
5.36217578678398,37.94882577608984,3,20,1,43.69571646262487,1,1
15.88176967039628,10.320000868480005,13,8,0,240.8619004194045,1,0
17.325221678170404,23.80161039191002,4,3,1,128.60664314293166,0,1
17.395468315936963,1.906999151498853,6,13,1,111.33949329229824,0,0
8.988711844864993,33.5984809623369,6,7,1,69.23349459524299,1,1
11.289775195830524,9.391188379524582,3,2,1,48.12096498450951,1,0
18.81814943510965,32.2926685093184,2,15,0,136.92005002443543,0,1
8.224152755024205,37.18014401690105,13,6,0,83.66119601093556,0,1
11.88152208838124,16.130905654341703,3,19,0,112.19511790828936,0,0
11.940461801641767,26.60044198902857,2,7,1,82.40538905228351,0,1
16.153436314007227,1.8646896695448243,2,11,1,48.633602749083046,0,0
18.76789931179429,39.84006951817517,13,20,1,186.7976636745924,0,1
3.5462090422121606,4.23843816497312,9,12,1,28.06398507817439,0,0
18.058353796199125,29.66469105220134,12,20,1,173.05037730986095,1,1
7.239162093238595,9.03220988072915,4,6,0,44.1432732608722,0,0
5.013866208738439,1.1461072927055875,4,2,1,28.401709033727666,0,0
4.2002696794484615,36.69314961144181,7,13,0,48.89605803935985,0,1
6.286690933699721,5.981954029931409,9,6,1,45.06021642835511,0,0
1.2038972871933011,10.097243195239225,4,15,0,6.679552901430078,0,0
12.154319939482166,7.331094518245566,14,17,1,80.57144505530245,1,0
15.347132873716912,32.34139127071043,3,5,0,114.26446036757062,0,1
0.4482319622483093,19.68103477536097,9,16,0,16.588633195984272,0,0
18.41346808906337,21.40496142565022,5,19,1,136.6925511408923,0,1
0.4498195478747263,38.16838053443158,13,8,1,28.233794655774993,0,1
9.836743403485505,38.22689450488888,7,18,0,138.32994725372836,1,1
5.377614379995994,22.74074328012593,5,11,0,79.87027398913553,0,1
6.705929873996026,27.247573500593752,8,10,0,105.65295636188533,0,1
8.716703488004704,26.50635481568912,2,10,0,132.7668816401837,0,1
15.580802611927266,2.0706083631059777,13,0,0,100.22936610891333,0,0
2.3055913777582218,24.71956624928613,14,5,0,32.43590866234094,1,1
16.8552690491988,27.9990329792616,13,22,0,160.5366694697241,1,1
11.035440980896048,34.62632512686671,6,4,0,82.23920111241492,1,1
2.910912744491017,3.1747751356452745,12,22,0,21.980821217193967,1,0
17.78372763413578,26.94486277727518,1,17,0,306.9865236772372,1,1
9.17893535714843,24.514633942437587,1,5,1,64.769429822588,0,1
8.571304069624794,35.3894272530238,10,21,0,183.24692908415335,0,1
12.227193783125202,4.418922117142305,10,20,0,162.70328020916648,0,0
9.069962798772671,39.58988716459071,11,11,0,167.01844040947782,0,1
18.17335482404703,35.16824176935565,14,7,0,414.2985170255061,0,1
8.757304289943084,4.357662134631621,5,2,0,62.21216602860849,1,0
3.028873917837763,13.092616253169954,13,17,0,48.20383317391743,0,0
5.750296816749964,35.870782092843385,10,6,0,55.92440193727613,1,1
4.8248190992973,31.326694230130528,6,11,0,78.49208434465075,1,1
9.207156688271589,6.666912266978271,4,11,0,119.89853536554372,0,0
17.56351949924979,9.16913125554638,11,11,0,255.4188657647743,1,0
18.80778691468131,6.941930591336528,2,19,0,133.40951619545174,0,0
12.228279934528564,36.10012760176754,7,16,0,231.531031452794,0,1
13.6582353585795,20.074070523134555,2,18,0,177.42051173952774,0,1
19.00539205786032,32.28398547245945,5,18,0,311.5684410751708,1,1
12.626060306805728,21.367853868758992,11,14,1,102.71218073467357,0,1
10.894988789702795,37.65018225876147,13,9,0,210.76968392703262,0,1
6.828796987039643,26.134480720599157,10,20,0,115.27199230637399,0,1
2.57768141836796,32.245576475742425,11,8,0,84.68968919738255,0,1
9.948820728710196,3.2550946390153204,11,12,1,68.20974521374524,0,0
14.239581838910082,2.4483783056278265,13,3,1,94.12520541071528,0,0
9.58559722239352,10.103578641885203,13,0,1,69.40524389945503,0,0
11.847967815825164,21.452862794361053,6,8,0,172.5794983675319,0,1
16.59298302641339,32.7101727386568,1,13,0,112.27102434753823,1,1
2.522475186968311,11.662569651640608,4,16,0,33.523422265662035,1,0
9.151861125017414,28.33877095836467,7,12,1,68.69459234613203,1,1
8.448767268834226,9.392066085026364,1,13,0,15.238134876028733,1,0
15.628554111290194,36.84543903842941,9,8,0,253.65373722738272,1,1
9.194629806636478,32.62707577457448,3,13,0,67.52404008956067,0,1
18.88918695079625,21.565904119302303,1,6,0,141.21029383452174,0,1
8.708919550294729,12.180253364366694,10,18,0,144.71816647955478,1,0
9.751027874545018,26.55597867291534,5,2,0,69.90604343776185,1,1
16.026683700430112,11.482514123044004,12,1,0,102.38834071506967,1,0
9.683218317420495,23.509504735796845,2,2,0,66.88069488244857,0,1
17.50518140585264,28.657366846723257,9,14,0,149.65329920090952,0,1
13.710361318008395,34.020146117573375,14,3,0,130.7273329195896,0,1
18.765387421849656,39.9700639524434,14,20,0,353.20203847993497,1,1
10.114528270468844,23.599594896025938,5,3,0,72.92466028578988,1,1
12.14794663003998,5.674439156421587,9,1,0,83.30508145488008,0,0
0.65946531588253,10.194626928417064,7,3,0,8.573353039067806,1,0
7.668993444630261,30.29039464220963,13,13,1,78.55405092534791,0,1
13.392685065553335,13.609086851696226,14,21,0,202.868355369695,0,0
10.053456270838597,7.644549408680666,3,14,1,42.50799798159558,0,0
2.211009599153313,19.37982957547868,10,14,1,16.3316796778884,0,0
0.9199971186279864,13.859754310602725,7,2,1,12.292450252014088,0,0
10.498144126090144,16.68550672835136,2,19,0,66.8728319158551,0,0
11.573951093899469,3.7434645174089,10,7,0,184.21859746333627,0,0
9.830529378584112,19.14628058530849,1,18,0,45.42938113511762,0,0
4.245233037468888,31.101331624889724,6,4,0,39.98183818621743,1,1
1.495088534644965,34.48655617608652,8,20,1,29.895672959585628,1,1
11.065763348556688,33.530503637992744,2,16,0,195.88848345786525,0,1
15.6904783808697,16.494363214389537,7,20,0,259.3278291624329,1,0
8.331287878720527,6.877036071418116,7,6,0,58.43148268027075,0,0
4.031714836383026,27.498449360274588,13,17,0,112.14052867001895,0,1
5.720149932408773,3.879950835158257,12,6,0,42.17424463933605,0,0
10.32664452852626,23.334267778439955,11,9,0,165.88574063254828,0,1
1.8928733566752856,31.14851509653018,4,11,1,24.823008722667513,0,1
4.337130649672767,28.04765088807459,3,2,0,36.374963513515446,0,1
14.009360820343044,5.056796512841059,10,12,0,91.04650158556812,0,0
4.051449463350763,29.320202932119127,7,6,0,41.99181487750084,1,1
1.6358317426775932,22.77525976624541,6,11,0,52.9552839417459,1,1
7.391655814554682,35.110613538700285,6,17,0,140.3628826462797,0,1
4.474335905751468,33.281572243508506,8,7,0,83.6445699671244,1,1
4.8702804123164825,34.883298027666484,4,9,1,43.58442546689358,1,1
10.281235780614027,31.803304949932247,8,19,0,165.97033822765866,1,1
16.434935108109233,12.536134384391138,14,12,1,98.62418133197583,1,0
5.036704573452103,38.923612962067146,5,6,0,45.61309698399667,1,1
16.84312026482158,32.56142571101824,14,11,1,172.41537443309025,0,1
17.797168096346542,36.88966114818831,1,21,0,326.96821179786457,1,1
13.14051169938468,7.202735035255609,8,1,0,84.05586505123287,0,0
12.598686736817951,2.9510600742062483,4,10,0,133.34480667259317,0,0
3.475598185823836,30.993740267982307,10,20,0,88.98741486938617,0,1
7.746489488742069,16.837203286093626,14,23,1,55.711359841687305,0,0
17.589979788735608,22.521363822545247,1,17,1,121.37011384852123,0,1
6.236156398453259,18.196853630891923,6,15,1,45.984422496441546,1,0
11.728426929298807,19.112514425475005,3,14,0,48.27920710102381,1,0
7.702364141966059,3.321556886224383,11,14,0,52.24736141099827,0,0
7.913314525127008,31.79546574539315,1,12,0,58.33953800961214,0,1
17.32739912265436,6.637467706918257,12,2,0,111.49498071708244,0,0
0.5930596524418702,29.16380869561921,7,23,1,20.398693654712577,0,1
8.975414689244506,22.950621173033777,8,3,0,70.5169000204401,1,1
4.151569627123492,4.1144390592209845,4,6,1,24.804371464771503,1,0
13.103759780178454,10.382333865179389,7,9,0,157.39321563331706,0,0
11.106803493390371,11.57590418368498,7,22,1,74.61771653707807,0,0
3.0585768052184013,10.94231147625084,14,3,0,24.4533757874139,0,0
6.600704802217402,8.335204426033206,6,22,1,49.04575855158442,0,0
6.854024695837846,35.482940972635205,4,19,0,110.5862344527157,0,1
16.65797757842394,25.71620579292639,3,22,0,113.2615737880383,0,1
5.488120610182827,14.872218065744768,2,16,0,44.48014656381315,1,0
13.990143737775972,4.649986920668704,5,9,0,198.16255159195867,1,0
7.430206703598207,12.03531014838764,3,12,0,35.314192346044976,0,0
19.42525230690083,14.390466809351636,7,12,0,122.64339298906658,0,0
1.719433117089603,25.99395773524432,6,5,0,20.690447945211357,0,1
4.525684270086535,8.984196067361673,6,2,0,35.13514149489271,0,0
6.546657629071002,18.265995852783053,5,7,0,92.1172364483644,0,0
4.116061755871328,35.73189462441127,9,10,0,94.91764304435027,0,1
16.065162250416257,19.490415559828357,7,3,0,101.26250223274435,1,0
4.655695362838994,11.734695589537695,11,0,0,36.59025538846489,0,0
16.928065001620126,16.635702943551642,4,9,0,216.805470468689,1,0
4.493665359346413,39.76716201024946,9,14,0,48.00951153614369,0,1
19.265777524191165,19.77294178352876,7,13,0,123.67810221999936,0,0
3.6268523250056486,28.173980492726024,2,8,0,74.72140029226223,1,1
13.962319873040052,29.84647698773601,2,6,1,99.19435267880507,1,1
9.718764497217666,2.0596200948838908,10,23,0,62.22998829651913,1,0
9.206572524427092,19.28866141101494,10,19,0,124.50126035093584,0,0
4.901330239960173,23.127802388628165,14,1,0,48.70381105314168,0,1
9.948016372338572,37.28038399176537,8,12,0,76.31259990644375,1,1
12.765190836306813,7.110356871889348,1,4,0,24.133104669920133,0,0
18.215746825315776,37.349047098930825,2,6,0,134.6061731571738,1,1
1.006626191600693,14.978405639040272,11,12,0,14.850039677756763,1,0
15.205510045613345,21.495320656357567,9,1,0,114.89705456773315,1,1
9.50190668162499,37.92878191638205,6,2,0,66.15386463020928,1,1
10.781264563366827,16.255726718298657,13,11,1,72.66571114791083,0,0
12.309619728607364,34.24162908152246,2,17,0,193.93641677910477,0,1
0.3002890576925677,37.8811971807864,1,19,0,47.347478380442666,0,1
18.41646260778362,7.289003059011946,12,20,0,293.2357525049809,0,0
1.0257889833309008,25.95000716132069,4,18,0,55.97374841224985,1,1
12.801510212490058,36.3001792515396,12,14,0,114.03028295813725,0,1
19.414557736749053,6.107056396200176,12,4,1,120.09214454002328,1,0
6.9374856460442045,15.689682537347228,4,16,0,89.97468537821977,1,0
9.64442798428122,35.16748367733597,3,16,0,151.43508871141557,0,1
13.72605407438937,16.944254230921665,2,14,1,39.168796889886806,1,0
18.22905355764161,18.147809262508947,3,12,0,75.75497350782469,0,0
11.771550879669244,22.719493268668355,2,9,0,156.81005483602942,0,1
15.146548827119592,12.709642964275655,11,23,1,98.44601355538047,1,0
3.839036766035431,6.93269576281655,8,5,0,28.699807044779906,1,0
12.416580661511704,36.904253867548334,10,0,1,99.18145856856674,0,1
2.1508346410545496,39.07319677392242,10,6,0,40.45470420910616,1,1
1.8687571518576829,19.85860881796743,2,6,0,6.663962311405342,0,0
0.9020475599410542,19.764069683459287,3,8,0,19.059035897559795,0,0
15.249184656004587,3.931335651323629,7,4,0,93.33674134005236,0,0
7.244047161739092,18.498302028516928,7,5,1,49.39629002024126,0,0
14.239654640608546,2.735568815879374,1,1,0,25.284530068352602,0,0
17.521877163519346,19.94488467453993,9,22,0,112.64745703030248,0,0
5.8461130773077175,21.80664766078824,3,16,1,44.76264726093558,0,1
16.76876499615275,39.89758084919068,2,14,0,121.73668420505658,0,1
19.96415857494041,17.20576894478745,11,9,1,124.1880427634381,0,0
5.687126013679152,1.878335384030404,1,13,0,11.38065517527893,0,0
17.452849409375144,32.044575886584454,14,13,1,175.13863541923251,0,1
14.334222629264731,18.533650869378743,8,20,0,196.30164744585664,0,0
3.2879648164179835,9.182644518198884,14,7,0,55.89697343905474,0,0
3.9760031473091466,10.876225275906751,9,8,0,58.85593671295918,0,0
14.87598873966405,31.49330416980478,11,2,0,133.25778144698793,0,1
12.477218301788064,20.24865996841239,7,0,1,85.23937895341354,1,1
3.25311232511872,36.83349929546641,13,14,0,41.718355814450035,1,1
15.633834287201427,13.797789066687187,10,7,0,210.10311747777095,0,0
12.724415632834775,3.091110873586503,14,3,1,81.9777075600619,0,0
18.94153503932085,36.46385432382323,6,16,0,342.80040739907923,0,1
12.815818752781528,9.22169409149163,14,15,0,84.33578853164593,0,0
6.207684925382817,34.63175380242635,5,1,0,49.02527918682915,1,1
14.637403025330238,2.7592349483623293,12,14,0,94.04061364657488,0,0
18.10825682806988,38.67887635538859,7,0,0,145.4314254136391,1,1
11.34080968161404,37.6873270154804,10,13,0,90.2185871128574,1,1
3.5388014441466003,19.0282574850796,8,12,0,27.08076071945611,0,0
6.206577958356261,17.172254906966543,2,12,1,20.596805396276174,0,0
15.030035728041938,10.606387738159173,9,2,0,95.893027959146,0,0
3.319109936719873,23.853748882071145,5,19,0,66.72332095885182,0,1
11.399052899937011,24.226660739564203,2,22,0,74.97230032588276,1,1
7.818603190297376,8.665586884425128,6,12,1,54.959286125380885,0,0
8.779735135169858,17.992253835070986,13,2,1,61.71406780023022,0,0
0.549260869755654,21.189382826702868,2,16,0,32.7990119646938,0,1
15.337894083852484,5.448643071062139,7,0,0,97.23347926889238,0,0
7.045011833437051,21.240430393756544,13,3,0,61.88985314529747,1,1
3.4786157012910275,25.44483961802009,11,16,1,35.42623930990237,1,1
3.780905322195937,35.8035951603871,8,2,0,37.6898362250643,1,1
3.667834288855639,13.054278268482111,13,4,1,24.943225004037565,1,0
5.780842685301819,28.48466309288334,9,10,0,106.31924410540361,0,1
1.5643372868795271,39.49428345270661,2,5,0,28.992418916284063,0,1
9.350631340655008,14.351188691639724,3,19,1,40.273258180702186,1,0
7.017830177015098,14.937371660309587,1,11,1,14.798155154854035,0,0
6.94750269993822,19.3436160121079,2,1,0,22.603187203878296,0,0
18.362353353530327,26.59467995696214,10,1,1,161.67360236761792,0,1
10.371089065008992,29.766923737041772,6,22,0,76.91410757330146,0,1
14.504737210991962,28.67628740089708,4,10,0,239.59285230683543,0,1
7.269081728308119,15.42317494822036,7,3,1,49.06741852437989,1,0
11.590516832852304,38.81436984218174,5,4,0,82.40567140274133,0,1
18.66558150775739,38.517563238655285,5,21,0,367.31846777232477,0,1
14.275305159312625,33.0697074432818,12,7,1,127.45756272091553,1,1
4.97358513812729,21.460237408031222,3,4,0,38.35888624516702,1,1
8.578318349964805,38.65616785305377,5,17,0,160.0939706879717,1,1
15.928059152921149,1.05089710369832,9,18,0,218.1744312312332,1,0
11.026972881420765,19.44455310291917,13,15,0,73.06526129816842,0,0
18.274228984624934,18.64096805962549,3,1,1,74.03858120151027,1,0
11.282436948043202,37.30268385986796,5,23,0,76.22986255003639,1,1
17.83831493305227,10.075612253607138,8,8,0,260.0786974208238,0,0
6.973462937697772,33.51866086362689,3,3,0,54.118750052311135,1,1
18.06872005111678,9.34505304806402,5,1,0,115.49193968705828,0,0
12.259577522858216,3.149665522066591,11,10,0,177.7677762497557,1,0
19.19356259088972,27.50598763851691,3,11,1,144.0469602197666,0,1
0.8434004389673437,24.288763999384017,2,11,1,19.97276675184582,0,1
4.284155766721609,30.606547279300017,6,20,0,99.87297033998072,1,1
15.927748467905,33.71285020918949,13,21,0,371.94936407668456,0,1
9.206165018936296,39.76650859923156,12,23,0,87.27118315781998,0,1
16.048517720926323,27.75115310089681,8,8,0,233.0055199743551,0,1
0.401025668924021,19.959827256412247,13,6,0,6.719838130172676,0,0
5.515714493197331,33.45728927178987,4,11,1,47.421792188729306,1,1
10.03464872314694,6.733669955402862,10,19,0,142.43727337877925,1,0
19.916578813353794,30.854636109398427,5,1,0,149.42415851501204,1,1
9.300736895687894,20.8420520929951,6,1,0,65.90670915500453,1,1
5.543725191518468,27.15897361804604,5,8,0,89.67657132374754,0,1
9.417384073585566,17.56517790744203,5,12,1,65.53524655456319,0,0
15.25190668924592,14.544096158134003,12,18,1,97.42836373756802,0,0
4.22875020869647,17.600531140874374,1,11,1,9.108341660993748,0,0
8.489036997313855,32.57902724185388,7,16,0,131.90787413418866,0,1
14.252426789476832,15.526183380732618,1,13,1,25.844475671774404,0,0
16.4624486056565,11.158890570092884,3,14,0,67.24138431942828,0,0
2.4155299651615407,34.9211624180611,2,16,0,63.101353719031955,0,1
2.717482867126967,32.63860116464865,5,23,1,32.686076648408836,0,1
11.279791190505708,11.597495944778412,14,19,1,76.17371984119048,0,0
18.86626024478972,18.82715521742185,14,20,1,116.44736054190471,0,0
3.433090226021467,17.696660584561066,3,7,0,44.178996592357116,0,0
13.108729600995,17.32089189664828,10,22,0,91.523994354605,0,0
10.570827338475612,11.934319141719293,8,22,0,72.56503080686547,1,0
11.95897748310789,27.266117487619574,6,23,0,82.70119612450601,1,1
19.638646383417807,36.32865370303328,7,7,0,299.52632585242657,0,1
15.225850529472863,4.605797332142659,10,10,0,203.49920377635524,1,0
7.068812813597693,26.73443376391322,9,18,1,60.874216790651445,0,1
1.479251071075413,37.94230954988053,2,2,0,23.317790002142925,0,1
18.66659012153996,10.37392760712659,11,15,0,119.12408720601071,0,0
18.2317364935842,3.8994025657851874,13,1,0,112.36936707026491,1,0
19.60860797926829,29.61052986628803,9,22,0,171.67407574839095,0,1
2.2313999248636427,24.641158175697267,6,20,0,66.89336396229318,0,1
4.072621960038785,34.28254844579064,3,3,0,39.19903280290891,0,1
7.322184264194432,1.7418302704241402,14,10,0,130.26182358639062,0,0
2.9163635550827034,7.45330294562324,6,22,1,25.091271655737014,1,0
16.38939299124056,12.13417078472516,9,21,0,227.22090066371112,0,0
8.877489844873834,22.61633895422496,8,12,0,67.7543177438898,0,1
3.326914979296844,33.27719443554026,14,23,0,48.86513583941001,0,1
6.207159864877274,38.44651678603967,11,12,0,56.17044190205096,0,1
5.854673779947702,39.45545346984827,7,8,0,136.50514361435572,0,1
16.764371942291152,6.432635998668888,1,0,1,29.323055061254777,1,0
4.248529237911465,3.0437099658948066,7,13,1,34.99615691696124,0,0
15.280416110666645,4.672602007278702,8,12,0,98.15113977599462,0,0
3.012274083113295,25.539699372521376,4,2,0,36.7887055189257,0,1
6.193918600823921,7.600569563288848,3,1,0,29.196569534881387,0,0
5.094759589730908,34.02295119783442,6,0,0,43.53860959704418,1,1
13.722397115580472,29.0736178488964,3,16,0,214.54960484757274,0,1
2.3655741947193385,9.977148993477876,7,6,0,17.63548074725128,0,0
3.941194413581365,13.745094742163824,13,16,0,56.016834660721955,0,0
5.475555149939785,9.212261881461869,5,8,0,80.66795330571976,0,0
4.250600684066242,35.04345639505291,2,17,0,90.62906153923181,1,1
5.746286816676786,23.38323946711959,4,22,0,46.4966307994821,1,1
18.83707927357048,31.473049818587505,8,18,0,377.91280502309564,1,1
0.889557768350367,8.531553810030424,9,4,1,12.991075082958655,0,0
4.550929840859143,17.48144090341087,6,0,0,30.157484297979032,1,0
6.149364422951358,17.00459413947485,13,0,0,42.13873747423219,0,0
5.471787778239231,22.26909923233419,10,15,0,54.8501568124957,0,1
15.59625417258194,3.2170529478080523,8,0,1,95.02039603351436,1,0
2.496542944592862,24.5312911365652,11,1,0,36.16319690490996,0,1
19.57747753811089,20.780209472853173,4,13,1,144.9060269927596,1,1
9.966525022035674,12.980282482362911,2,12,0,30.47213383233612,0,0
4.608386395540106,12.24245364087599,2,1,0,15.219630531144059,0,0
3.47397586739008,25.278379290425317,12,12,0,33.99522371319346,0,1
2.70033767201442,9.535411180567046,12,9,0,45.55098962824412,0,0
0.5732228923257595,17.185177097579196,4,0,1,8.001909448974569,0,0
4.220728770002628,11.465520551981635,13,21,1,30.76083714575566,0,0
4.569099138805124,17.348656040163508,6,6,0,35.710316382056014,1,0
12.80938884493225,32.97797617134421,3,17,1,85.729571036954,1,1
6.674579144410727,24.6511280179066,13,2,0,67.37347385408387,0,1
12.437966745200884,21.72687166409295,6,0,0,87.31246146829037,0,1
6.905957599531232,6.8634979281211335,4,13,1,41.464295035068595,0,0
7.018462045983519,31.98911586402837,3,2,1,52.05764035560314,1,1
17.175084277632525,4.836835841906216,14,20,1,111.522839339245,1,0
6.75495807687214,17.226028261033747,1,14,0,14.363211882006524,0,0
0.9699088656653694,17.7373635356783,6,18,1,12.707676239349043,0,0
7.593033429064513,7.455715556569987,7,7,1,54.12915253305172,1,0
7.119316106681427,26.44947891143049,8,23,1,62.215089751512416,1,1
17.872551880858058,36.07878211004788,6,7,0,296.2413559770894,0,1
2.3953979890363533,25.785018337740176,8,1,0,28.10801506268277,0,1
12.554012496786646,5.919416145919328,9,21,1,81.19765379762293,1,0
16.151136662487062,33.31098475981041,8,10,0,297.2727301605311,0,1
17.34904751052965,7.633629151645863,11,12,0,112.11496954932912,1,0
4.9326629939180044,7.783990607395525,10,14,0,37.62275290467217,0,0
11.035774421419326,39.8722602092589,8,11,0,202.15223601499952,0,1
4.788793516481974,27.129901535511312,12,5,0,56.85538275377893,0,1
13.737827307784734,5.136415709567133,6,18,1,87.81153455904342,0,0
6.213972484424516,21.95030500532153,9,2,0,49.55195199380184,0,1
3.688024958041718,29.9345548288389,3,9,0,87.4654332870009,1,1
14.961872511049664,30.019294616988237,2,14,0,101.37975032813058,1,1
10.988026504784528,3.89237998524004,2,21,0,86.89924895923409,1,0
6.8413994719381614,30.54625336996448,4,17,0,123.20067161953314,0,1
0.27965685785411,36.3340313408013,14,6,0,21.283314279282777,1,1
5.643291124734652,20.22381570881612,11,16,0,95.0215063768169,0,1
8.448774004447074,8.660870196168442,14,1,1,56.83122379190887,0,0
5.10366923646876,22.91503932470452,6,6,0,43.239615444096025,0,1
2.984792417237369,30.28216915588263,14,3,0,37.361267815945496,0,1
12.338087054010524,29.661061343203357,14,10,0,257.1170711667397,0,1
11.118563088352404,38.93027515040188,5,3,0,76.94096167774195,1,1
0.7617603195712503,26.237486656609825,11,9,0,42.36743132158559,1,1
18.28089029763899,15.571310603424784,4,11,0,232.31424228034203,0,0
9.678635456201633,13.777408282169132,1,21,1,18.572587035763718,0,0
12.285807895606233,14.409832939079095,5,12,0,82.76466579460605,0,0
0.3991826082367173,31.774578578697813,7,0,0,14.366931777712615,0,1
2.5162648291086933,37.641020406968906,2,12,0,27.22948161604904,1,1
9.430546448780117,9.7761371655081,12,18,0,158.9794858019063,0,0
8.329139901989409,37.04962831949073,3,12,0,63.19349269120749,0,1
13.663569847181105,34.414600892419465,14,18,1,131.25099179802945,0,1
16.88692036951178,32.45240966335011,9,22,0,143.37195135326965,0,1
0.7263035214534677,22.179219951182727,8,1,0,14.996389007481708,1,1
6.352964432069238,29.10633095504405,6,9,1,51.34331052560483,0,1
12.747077122975776,6.071025854002931,6,1,0,80.64882943145146,0,0
15.703950097713951,33.78681637455,10,6,0,136.2583708089786,1,1
4.841421385316382,7.5716710458884675,12,19,0,85.19216546789436,1,0
8.647234365129247,14.688674264492157,11,23,1,56.026660170718046,0,0
16.01194668880474,28.06983908929223,7,4,0,121.70344359712018,1,1
6.66485032262636,27.32130657694661,5,23,0,52.31766695156121,0,1
11.252843714095018,34.992552052804754,11,21,0,168.2480890560241,0,1
9.07590875613358,11.486497288079686,10,12,0,61.50052048159253,0,0
0.9831335517177232,28.39182218187394,7,6,1,24.193514450983212,0,1
11.769251276553495,22.547529584010583,12,7,1,94.34940276546394,1,1
5.495629434353525,23.35903833083187,14,9,1,60.3110741579568,1,1
18.982035036727662,39.989536421395485,4,13,0,140.0903537795295,0,1
7.94707183317591,26.069866450014,9,11,0,152.02570224440834,1,1
3.2892534318519884,24.16131760177835,14,23,1,45.48323383252927,0,1
3.596502773090469,20.171387709166662,8,2,0,33.86094831951961,0,1
12.91283536820572,6.42582849156211,12,21,0,159.66104517782014,1,0
6.206510460336919,27.84146304261513,9,11,1,53.2984609861567,1,1
12.308563914623049,10.40777646599934,4,6,0,66.22520053761558,0,0
15.46818279953754,3.6872574486956937,2,4,0,46.618967989805036,0,0
14.340095237379987,28.4322511998446,10,22,0,115.26400771317219,0,1
12.3777201611329,8.472321360590108,2,2,0,38.37918075511381,0,0
3.214446910760545,38.64587421605391,1,18,0,96.40979271765711,0,1
19.57203543637684,2.370205863691057,11,4,0,123.58688797334348,1,0
5.300921810036973,22.272525653652774,4,9,1,41.1006394465277,1,1
9.338043630206784,29.54572449029507,8,5,1,71.18415975387886,0,1
5.2700576176357385,10.936763657760954,5,1,1,43.22019420722893,1,0
14.676939547302046,21.07132641235126,14,4,1,136.0282115473871,0,1
5.1840435408037,5.564223834518703,13,4,0,40.46044939926556,0,0
7.345004669017216,33.28463059185635,11,3,1,65.48536284977112,1,1
5.534152254148699,13.079938840095885,3,6,0,23.988884038338103,1,0
1.9199955177514905,20.24768459381464,4,10,1,22.92295502015439,0,1
10.786970839735943,19.40935223839689,10,20,1,70.05772090514837,1,0
4.559687485650359,36.65393574977716,7,9,0,98.74595101400973,0,1
19.54179850000422,28.785769426518204,7,18,1,154.27796791540192,1,1
13.251940974725414,3.1856098710689844,2,2,0,39.93890776592266,0,0
6.433036294979447,5.48869307251304,5,20,0,116.98640086741756,0,0
2.534432723867277,17.27895725125835,14,10,0,48.218492896435514,1,0
9.616054603424878,28.59004210755984,5,1,0,63.043508859773134,1,1
16.93669793653084,37.288365205096525,2,23,0,125.6566471126636,0,1
9.286413356622973,22.68736818468551,9,20,1,75.71468685322724,0,1
11.132210789361642,39.76815974193288,2,23,1,73.355183140898,1,1
1.1421563006153104,36.20945200810285,1,14,1,22.59399136952177,1,1
15.459949683225576,10.55571756462736,9,21,0,199.06588673041625,1,0
5.729775379305022,12.253884861466974,8,13,0,43.83626945199845,0,0
9.90141989393617,15.9190345548663,9,13,0,65.59910697576372,1,0
16.755641982343594,31.081702312770453,4,1,0,118.30830949780184,0,1
15.399068276032407,27.18413527964576,3,16,0,261.59118191610946,0,1
0.3405379392682943,39.68793332448151,3,11,0,45.15440227713439,0,1
11.76573500912533,17.576067590441447,8,15,1,70.8850992121215,0,0
3.42676011886456,21.186479563135407,14,15,0,42.57737023261378,1,1
8.732452352390242,21.0033308159604,2,5,1,58.68447012932182,1,1
1.8128830389005088,20.826815623110985,8,7,1,18.593517685523835,1,1
16.773618870806757,13.90590342048319,13,5,1,102.11427216593384,1,0
18.672807404828514,24.0382318937062,4,16,0,290.97062228041193,0,1
8.035822617826364,36.22299443013227,11,4,0,76.07989772442956,0,1
15.477529072858454,8.281518805243504,8,17,0,244.050379215334,0,0
10.969709612953666,36.67641542775728,5,15,0,75.93387233426682,0,1
7.852505707245943,23.741089987479327,14,16,0,151.74862569094896,0,1
0.6254858736551995,13.563813292833888,12,5,1,8.35734181834471,0,0
19.081626883045907,12.574499805738093,9,8,0,232.38652389149777,1,0
10.931609244651352,24.982514134385763,6,21,1,71.8421197686554,1,1
17.404595273502597,35.50812037673557,3,14,0,124.68154843456135,0,1
7.221334188714936,38.21073418889584,11,7,0,146.96501810097766,1,1
17.661704504998724,28.21003749135795,11,5,0,152.96639218800283,1,1
2.9988980281364475,38.53896989502839,3,3,0,39.57497576336128,0,1
7.653988955745766,7.302684056197445,14,1,1,54.61996353828828,0,0
5.923431891297317,27.465782511759603,2,7,1,42.416823371948425,0,1
5.634365913395008,25.255394492279613,6,0,1,44.17298694144096,0,1
10.694908732056533,14.822477315869213,2,12,1,32.85245885982696,0,0
10.383208211273008,1.1583584029958929,5,16,0,178.23672115006192,1,0
7.666787149623138,18.91032145603291,3,11,1,33.7509089855419,1,0
19.624990619948044,23.562538399403525,12,3,1,178.93515818856213,1,1
6.024257264268559,39.96749091828615,8,20,0,120.92721847682797,0,1
13.702519583387824,10.56774654463343,7,5,1,86.5849063586037,0,0
19.25185752350884,3.0236625789288523,8,0,0,123.73079806110836,0,0
13.753188119174396,36.4698551892034,2,11,1,94.22668490515751,1,1
3.7936098724624903,7.458349867354356,2,22,0,14.790958729334069,0,0
7.193470746444888,3.300046279320308,10,8,0,112.69415102564368,0,0
17.674707625665114,16.4705059282416,5,23,0,112.98779477603236,0,0
2.8349300977759517,11.48463862511295,1,18,0,15.157894420309677,1,0
14.326562198132422,11.058160996224156,8,11,0,216.13968101063057,1,0
6.606816132781425,17.32993309425754,7,5,1,44.83268341709641,0,0
5.117557107774614,16.638103102405722,10,0,0,36.82967687616567,0,0
18.770809077528945,1.1329354156801552,12,21,0,235.22871488582928,1,0
4.875681767586498,15.643418412172188,14,10,0,82.36898747214536,1,0
5.668666180297804,15.771025584309225,7,7,1,38.23500589289802,1,0
1.5480232504584024,5.2782977394710295,8,18,0,31.05733981493477,0,0
10.41640741875107,28.72140263234516,6,5,0,70.13990559517948,1,1
12.796530818341802,13.19796198610607,6,1,0,81.07397507347288,1,0
9.62777332910474,26.21365506538397,6,14,0,74.59315882120444,0,1
9.605191835524932,18.93423391767584,8,9,0,150.4795099490485,0,0
3.4975046224266366,37.62474145882421,4,2,1,35.40094390662473,0,1
2.464802928375921,35.706742177958446,14,16,0,78.90062623293558,1,1
7.74432866121369,14.14937113911095,5,14,0,49.11082810537833,1,0
12.163006785638045,25.660016292133296,7,19,0,171.7980755663345,1,1
0.9591297955400702,38.26949772282028,10,13,0,32.31681732641665,1,1
15.49794541750946,18.61239766186648,2,5,0,47.424882774437165,0,0
0.2134770456099202,9.931281860866806,12,23,0,9.104342033148681,0,0
19.81139252788144,37.96537065577012,7,12,1,166.17798145021803,0,1
17.746768350420012,23.14844107251848,14,7,0,436.25812173132215,0,1
16.506598184240833,20.936032323485747,9,15,0,133.25664116096692,1,1
14.955610436385047,25.88427029026727,5,4,1,110.4577957546787,0,1
11.42339150439254,14.11956920482769,5,4,0,73.52082426988099,1,0
19.208697566980128,37.3508427578938,8,10,0,417.6073124874036,0,1
13.122282286584989,10.456205827919064,11,9,0,219.33762733505256,0,0
19.10059606349453,25.973342290109755,1,5,1,141.7717459775292,0,1
3.34696208263359,20.05748733763064,13,19,0,97.93687329371915,1,1
9.62205288112808,5.032039961277002,10,19,0,127.90748431801109,0,0
13.234079518962847,5.406775441585291,3,0,0,53.42381655386072,0,0
5.085643527496843,9.75617579745145,14,17,1,39.87314839739536,1,0
12.475176367650915,32.670814780316924,1,8,0,155.15322389049635,1,1
5.214858718573294,35.149054979905884,14,20,1,61.71026578991376,1,1
2.6828198225919166,35.13094941410645,12,21,0,84.30199109835827,0,1
3.631197614119448,5.297097336248531,10,21,1,27.665605019759816,1,0
15.205122025862028,10.75601586830409,8,3,1,99.68971463622692,1,0
7.217297292268399,36.3238414498227,6,6,0,58.161075328336025,0,1
16.530110811738442,1.3351171997931996,5,21,1,107.37539465480114,0,0
5.107441471204164,5.235516431085345,5,9,0,98.99763639582572,0,0
5.110642858192669,30.910819465520863,1,17,0,81.12459921140021,1,1
2.431702571057976,22.48622058875901,10,8,1,29.659026088570492,1,1
1.6598205982787084,9.687970605019087,3,19,0,26.227804560370263,0,0
12.60506616628449,24.69630430698541,1,6,0,87.58907000456092,0,1
6.774631804802613,30.96429286461642,1,1,0,53.3779038230814,0,1
2.6356788041257047,26.917858042649627,2,14,1,21.640018338708416,1,1
9.021342638902322,5.223209039876587,13,21,0,129.9090013377952,0,0
0.8814226899902171,29.753498242489883,8,18,0,53.78289343744624,0,1
9.43854004195475,2.93808067133723,4,20,0,95.94177321168462,0,0
5.92200911759256,35.26275638612011,12,21,0,140.42981857113054,0,1
1.5963617400736485,6.18954335113922,10,2,0,16.47963715004387,0,0
15.437182296142549,27.48893816988584,5,16,0,275.95242404915564,0,1
17.333829849390597,39.95601955020906,6,20,0,324.6147845665536,0,1
10.91403976446554,4.543842708116917,13,22,0,73.67562036126381,0,0
8.809738880953972,1.7348988396042189,6,11,0,139.411994085563,0,0
12.308015033920316,35.982241485402014,3,1,0,81.51233971988725,0,1
13.043648400550358,4.412633801394758,9,13,1,83.03493117516506,0,0
18.02288794105525,31.392887297466512,4,7,0,265.9996522370967,0,1
14.075316397498078,9.233638458423076,6,3,1,92.83035651401568,0,0
11.584874129332682,15.488720687286358,11,5,1,79.64516243339452,1,0
2.148711535238337,17.90090015253861,7,18,1,14.962353018574882,0,0
6.452525689346285,2.053789939025622,14,19,1,43.44909495923287,0,0
15.19025466626916,29.41382625774824,7,8,0,219.50504101429055,0,1
18.457474884055166,13.3365393913517,9,19,0,244.4338916922251,0,0
8.03474651538551,9.429138433106289,7,14,0,59.82677115295956,0,0
6.427363536554121,33.3983901118411,8,0,0,54.39752048813332,1,1
4.762762809301701,20.94356574803092,1,8,0,65.99407791152265,1,1
0.3251047324159415,30.631625272803312,9,20,0,42.71829631891915,0,1
7.126818742447092,4.28884972931751,4,12,0,45.315911094237215,1,0
2.1736644554929176,27.31757776157649,9,3,0,30.070102389055535,1,1
18.90036180609062,24.326519100985863,3,16,0,345.49208234965766,0,1
6.724731928362085,20.5819993365572,6,16,0,102.99899286163479,1,1
12.678107029634832,22.909795638056536,2,19,1,86.32948890431933,0,1
14.423867118964454,38.92096231686106,6,5,0,109.42253877795754,0,1
19.23285081708701,10.968827890566448,4,12,0,99.21544933656415,0,0
18.50434622778208,18.832235710233384,12,15,0,116.2595606193946,0,0
3.137850965505783,16.044362504714258,4,11,1,21.128163183193994,0,0
10.500437100966307,11.794768282517229,1,20,0,39.68404101432353,1,0
17.09932826828721,14.59139709858546,13,5,1,108.16235333150097,1,0
19.49145166817436,32.75013225910544,3,2,1,154.58570777833253,0,1
2.303614196883572,7.048855298432016,14,16,0,40.74820173321954,0,0
1.63393604881723,36.07776325263212,4,11,1,25.753358292688397,1,1
1.34172374161389,16.52201224846068,14,9,1,12.79923218271712,0,0
13.083075027206869,27.96238567086886,9,5,1,103.4371406048841,1,1
7.625865339068323,1.17295210518361,5,10,0,140.1908790675582,0,0
