distance_miles,package_weight_lb,num_items,delivery_hour,delivery_on_weekend,delivery_time_min,tip_given
13.24358056865514,9.423913025702092,6,6,0,87.31657792367396,0
18.18450548763917,1.9789825281363942,7,15,0,114.60740685174547,1
9.772078904810368,15.119620797987853,2,2,0,68.17674730948522,1
14.56312129240477,29.110837312534752,6,15,0,94.44864320988532,1
11.205958841520474,18.244880024461185,11,20,1,76.34346174427256,0
18.03138979875185,32.80035357739303,9,16,1,124.05868734472453,0
13.72301531922695,13.843213540516794,9,9,0,217.3325641156617,0
3.9212486920724574,27.96571715809282,10,18,0,64.78032634406763,0
7.474352116548885,11.81835687619194,13,11,0,137.20823716332177,0
19.246709658530577,8.874204357412658,2,12,0,119.72256796897946,1
19.174646816843897,8.85613099131154,8,3,0,118.65403257063203,1
7.815808581215118,8.713255530488428,1,14,0,51.7168085407508,0
15.542773232485505,36.64788364416717,2,17,1,107.9168558984511,0
8.261670261785293,27.5859996383096,11,8,1,56.40567173051522,1
17.86258096757023,21.793764298962994,6,16,0,290.2104781144361,0
18.04256044915776,29.44302544885158,8,19,0,217.2268546133442,0
3.402119086581262,7.894802368720226,8,6,0,31.52511805992918,1
18.477646343559215,7.0078215265290185,11,16,0,272.73216165697494,1
15.314501288663868,11.968618857991085,7,5,0,98.90575512516263,0
8.29593264980006,15.878178130175332,9,23,1,57.38732991813108,0
6.934261502102657,3.957034179672405,5,17,1,47.978485979422686,1
4.516520416441434,16.037746997529844,14,0,1,35.581135955723134,0
17.079923902862554,22.803106575577885,6,19,0,212.54235196044564,0
15.657232526936156,22.566203714516643,7,14,1,107.03577289192172,0
19.794974542620512,22.394897756536793,10,12,0,124.99397540627128,1
5.167901567723556,28.22054103057327,11,13,0,36.12303616563507,1
7.738508273890767,18.093205083768517,13,1,1,56.35940456810194,0
13.012742370969018,15.61267086455748,5,13,1,83.18408622650166,1
1.5623310467009748,38.81577584822672,11,22,0,26.09177548372659,1
15.422358744617744,8.258197952357841,8,7,0,241.70164311435065,0
11.8908670537293,25.80570404797235,8,17,0,185.39550309487544,0
8.121877874057313,17.419811980061084,4,6,1,56.38460064233848,0
4.690297824085663,36.676366403093766,5,19,0,75.50020582462612,0
4.287944522850927,9.014531399050018,11,9,0,74.13621824322938,0
2.820068655577143,22.999757810891445,9,13,0,25.83919791632596,0
17.480178484654417,17.10197867035816,2,19,1,111.54617722820174,1
18.626275750372837,2.2601446556365055,12,10,1,115.00085056444308,0
3.3206509214958855,39.176486805814825,12,9,0,75.9037205216973,0
6.370054823107987,22.562465376584598,10,8,0,121.90594217374777,0
6.506999432723904,5.428570407428191,3,6,0,46.976304634642894,0
2.908344716372,10.670406449875395,10,5,0,28.16973980930977,1
9.052882401616438,33.98142162632162,2,21,0,158.3966289879156,1
11.314721233104555,21.033640158898393,6,13,1,74.50968772094791,1
2.145281117439057,9.504237766641403,11,18,1,21.834905754884844,0
18.139857127838358,8.57352236196862,8,8,1,115.38391754584067,1
0.35554463025886474,37.979509839471895,9,23,1,19.000676053340023,0
6.297322078064791,10.22379343418448,3,4,0,43.819993027508886,0
4.427896233924919,37.701455629306665,13,19,1,35.866643222104024,0
8.637382000776459,6.3412381250614205,5,12,0,58.32300116995567,1
0.8155800035129728,22.065932968956623,13,13,0,12.69117139912766,1
18.639855451604888,20.546802421454956,4,2,0,113.01326384972819,1
11.485395567448823,12.031466305753346,7,19,0,166.92142990504956,0
9.52271706054244,16.82496541123149,12,20,1,65.1786297571709,0
14.994481006447812,5.757414349299257,8,0,0,97.41609855979952,1
17.31953496003857,33.90176060746244,4,13,0,113.32410671966518,0
13.395900976493266,19.34695191150624,4,8,0,167.70192309933242,0
16.461654250204795,37.158932547675384,8,12,1,113.56767207369305,0
11.743428230484325,13.05140590635612,13,13,1,76.79410216818975,1
2.6175648907017113,37.02235873133964,13,16,1,27.21463176043222,0
16.699659666505536,17.035977638275416,9,22,0,109.29828721042436,0
16.16636908055862,38.95243528041344,5,15,0,106.34526913516682,1
10.22553530627343,1.3284725596482136,11,14,0,65.2167089345069,1
2.3465320383369717,10.64697594343119,13,5,0,26.472708944671783,0
16.962804097881932,6.589915748552829,13,17,1,106.30001466702826,0
3.5683275288112646,18.123907294241544,13,22,0,30.792496645846914,0
3.3400633691719457,4.1691693648287576,3,4,0,25.446079710854253,1
2.6835424523491422,17.91685343330913,8,23,0,22.29068361007644,1
16.31118876184544,16.00718498888373,14,16,1,103.03332065491084,0
4.790316501572952,2.4670101383818612,12,12,0,37.15193210443713,0
13.02193136509078,32.41821855810502,11,1,1,91.46775630108681,0
10.4181752651509,17.000694634175325,13,10,1,70.49011245042666,0
4.549198252568283,22.04612915268854,12,10,0,77.87572299671102,1
2.204417724571835,31.383896510291272,10,17,1,20.235512539886493,0
13.425150016636877,6.9481502723521995,1,16,1,83.66986238630051,1
11.057028484923638,22.6773488135618,4,9,0,194.25697438213098,0
14.681810116712578,11.157999891859413,10,12,1,96.01155158183951,0
0.38630451767611207,6.025537572240195,4,5,0,10.741619765313969,0
4.403074341391433,18.383721162541466,10,17,0,67.20047534250618,0
12.077668580663591,39.42754672063477,14,19,1,88.63337171909484,0
1.7134484489353539,11.223456794161708,8,9,0,44.07051441295974,0
1.9071850408939364,2.462162368977375,1,3,0,18.514810143835092,0
18.94213247087707,20.46868911859163,12,8,1,116.59286434466192,1
15.624706791584337,30.436202411633168,7,20,0,206.15595030748497,1
6.872096495584678,9.694615319914604,2,13,1,47.601740084406714,1
13.133897429649437,15.990160710350931,2,12,0,82.85410975850608,1
2.230497995663184,9.456681885152532,4,12,1,21.990556236275857,0
5.55297491001937,37.77123386091565,11,0,1,44.622373517240824,0
16.90532877848878,17.638027220710164,7,14,1,105.61111509281987,1
7.484024230643302,17.335104909308598,8,20,0,97.72024294651989,0
19.492715923235043,28.463630433370458,10,16,0,262.10971836453007,1
2.7470674349915085,32.47093705390907,9,8,0,59.48001553367068,1
11.51844737493119,31.284094822188525,12,17,0,188.22280317131748,0
1.6048013452087728,12.987769683046261,8,13,0,18.510333068838676,0
19.96458423787201,19.092544134988003,11,3,0,128.37745773549642,0
9.832327562874454,1.5324952980276527,1,6,0,65.19391476973803,1
13.485461981010246,32.594271463091104,6,17,0,220.1977009088495,1
11.041946159771172,18.706470654448776,12,13,0,71.96070465280705,0
13.661407566818294,30.967890279014863,13,14,0,90.75128241421243,1
10.720360925763172,7.129980734101308,8,3,0,71.95736948174952,1
3.7784670862531398,11.67475215772671,10,22,1,33.44804409534189,0
10.947035841468512,28.105238478131046,6,3,0,72.44101471158575,1
14.843876414014781,25.34794659281073,6,15,0,95.1969202061411,0
9.904093611128522,28.123020193875906,14,4,1,66.59126803544956,1
5.36217578678398,37.94882577608984,3,20,1,43.695716462624866,1
15.881769670396281,10.320000868480003,13,8,0,240.8619004194045,1
17.325221678170404,23.80161039191002,4,3,1,116.46781027885389,0
17.395468315936963,1.9069991514988527,6,13,1,111.33949329229824,0
8.988711844864993,33.5984809623369,6,7,1,66.57066788004133,1
11.289775195830524,9.391188379524582,3,2,1,75.18900778829611,1
18.81814943510965,32.292668509318396,2,15,0,120.47815227769743,0
8.224152755024205,37.18014401690105,13,6,0,63.379693947678454,0
11.881522088381239,16.130905654341703,3,19,0,175.30487173170212,0
11.940461801641769,26.60044198902857,2,7,1,83.41352703238671,0
16.153436314007227,1.8646896695448243,2,11,1,105.72522336757183,0
18.767899311794295,39.84006951817517,13,20,1,124.63893658679042,0
3.5462090422121606,4.23843816497312,9,12,1,29.796712740321645,0
18.058353796199125,29.66469105220134,12,20,1,120.70384972455103,1
7.239162093238595,9.03220988072915,4,6,0,53.83326007423438,0
5.013866208738439,1.1461072927055875,4,2,1,34.636230528936174,0
4.2002696794484615,36.69314961144181,7,13,0,43.533379631838955,0
6.286690933699721,5.981954029931409,9,6,1,45.06021642835511,0
1.2038972871933011,10.097243195239223,4,15,0,9.604126202516646,0
12.154319939482166,7.331094518245566,14,17,1,80.57144505530245,1
15.347132873716912,32.34139127071043,3,5,0,107.64452954661472,0
0.44823196224830936,19.68103477536097,9,16,0,20.28125613330573,0
18.413468089063375,21.40496142565022,5,19,1,121.21025489419642,0
0.44981954787472633,38.16838053443158,13,8,1,17.424913366561817,0
9.836743403485505,38.22689450488888,7,18,0,128.08328449419292,1
5.377614379995994,22.74074328012593,5,11,0,79.87027398913553,0
6.705929873996026,27.247573500593752,8,10,0,94.33299675168331,0
8.716703488004704,26.506354815689118,2,10,0,132.7668816401837,0
15.580802611927266,2.0706083631059777,13,0,0,100.22936610891333,0
2.3055913777582218,24.719566249286135,14,5,0,21.018333843325905,1
16.8552690491988,27.999032979261596,13,22,0,111.16131993838718,1
11.035440980896048,34.62632512686671,6,4,0,81.65940738181928,1
2.9109127444910166,3.1747751356452745,12,22,0,23.985099876127055,1
17.78372763413578,26.94486277727518,1,17,0,275.539598009882,1
9.17893535714843,24.514633942437587,1,5,1,64.769429822588,0
8.571304069624794,35.3894272530238,10,21,0,152.70577423679447,0
12.227193783125202,4.418922117142305,10,20,0,162.70328020916648,0
9.069962798772673,39.58988716459071,11,11,0,134.6922906528047,0
18.17335482404703,35.16824176935565,14,7,0,271.3756757386119,0
8.757304289943084,4.357662134631621,5,2,0,62.21216602860849,1
3.028873917837763,13.092616253169954,13,17,0,52.32977668154627,0
5.750296816749964,35.870782092843385,10,6,0,46.603668281063435,1
4.8248190992973,31.326694230130528,6,11,0,74.81782532227398,1
9.207156688271587,6.6669122669782706,4,11,0,146.2177260555411,0
17.56351949924979,9.169131255546379,11,11,0,255.4188657647743,1
18.80778691468131,6.941930591336528,2,19,0,290.02068738141685,0
12.228279934528565,36.10012760176754,7,16,0,215.64624557699693,0
13.6582353585795,20.074070523134555,2,18,0,173.09016218453687,0
19.00539205786032,32.28398547245945,5,18,0,273.1818870609226,1
12.626060306805728,21.367853868758992,11,14,1,82.60747171653804,0
10.894988789702795,37.65018225876147,13,9,0,159.67400297502473,0
6.828796987039643,26.134480720599154,10,20,0,96.05999358864499,0
2.57768141836796,32.245576475742425,11,8,0,60.91978062023493,0
9.948820728710196,3.2550946390153204,11,12,1,68.20974521374524,0
14.239581838910082,2.4483783056278265,13,3,1,94.12520541071527,0
9.58559722239352,10.103578641885205,13,0,1,69.40524389945503,0
11.847967815825164,21.452862794361053,6,8,0,168.31231840297946,0
16.59298302641339,32.7101727386568,1,13,0,103.1515568102159,1
2.522475186968311,11.662569651640608,4,16,0,45.37936209921145,1
9.151861125017414,28.33877095836467,7,12,1,63.60610402419631,1
8.448767268834226,9.392066085026364,1,13,0,54.42191027153118,1
15.628554111290194,36.84543903842941,9,8,0,204.8255650000612,1
9.194629806636478,32.62707577457448,3,13,0,67.52404008956067,0
18.88918695079625,21.565904119302303,1,6,0,124.08567219151121,0
8.708919550294729,12.180253364366694,10,18,0,144.71816647955478,1
9.751027874545018,26.55597867291534,5,2,0,69.90604343776185,1
16.026683700430112,11.482514123044005,12,1,0,102.38834071506967,1
9.683218317420497,23.509504735796845,2,2,0,66.88069488244857,0
17.50518140585264,28.657366846723257,9,14,0,116.42458012594928,0
13.710361318008397,34.020146117573375,14,3,0,93.67404304624303,0
18.765387421849656,39.9700639524434,14,20,0,228.75008982734045,1
10.114528270468844,23.599594896025938,5,3,0,72.92466028578988,1
12.147946630039979,5.674439156421587,9,1,0,83.30508145488008,0
0.65946531588253,10.194626928417065,7,3,0,10.374606636693551,1
7.668993444630261,30.29039464220963,13,13,1,59.51064464041508,0
13.392685065553335,13.609086851696226,14,21,0,202.868355369695,0
10.053456270838597,7.644549408680666,3,14,1,66.4187468462431,0
2.211009599153313,19.37982957547868,10,14,1,18.38241481660402,0
0.9199971186279863,13.859754310602725,7,2,1,14.689832630364476,0
10.498144126090143,16.68550672835136,2,19,0,145.37572155620674,0
11.573951093899467,3.7434645174088996,10,7,0,184.21859746333627,0
9.830529378584112,19.146280585308492,1,18,0,162.24778976827722,0
4.245233037468888,31.101331624889724,6,4,0,37.04601959488042,1
1.495088534644965,34.48655617608652,8,20,1,22.71232987355052,1
11.065763348556688,33.530503637992744,2,16,0,202.15102344811623,0
15.6904783808697,16.494363214389537,7,20,0,259.3278291624329,1
8.331287878720527,6.877036071418116,7,6,0,58.43148268027075,0
4.031714836383026,27.498449360274588,13,17,0,81.0318490989857,0
5.720149932408773,3.8799508351582572,12,6,0,42.17424463933605,0
10.326644528526261,23.334267778439955,11,9,0,133.77882309076475,0
1.8928733566752856,31.14851509653018,4,11,1,21.48515400103932,0
4.337130649672767,28.04765088807459,3,2,0,35.20804675942975,0
14.009360820343044,5.056796512841059,10,12,0,91.04650158556811,0
4.051449463350763,29.320202932119127,7,6,0,37.12076403924716,1
1.6358317426775932,22.77525976624541,6,11,0,43.58686488719384,1
7.3916558145546825,35.110613538700285,6,17,0,134.9643102368074,0
4.474335905751468,33.281572243508506,8,7,0,72.77002236170063,1
4.8702804123164825,34.883298027666484,4,9,1,43.303559472890974,1
10.281235780614027,31.803304949932247,8,19,0,148.18780198898094,1
16.434935108109233,12.536134384391138,14,12,1,98.62418133197583,1
5.036704573452103,38.923612962067146,5,6,0,45.61309698399667,1
16.84312026482158,32.56142571101824,14,11,1,115.90298919613403,0
17.797168096346542,36.88966114818831,1,21,0,293.3979602079731,1
13.14051169938468,7.202735035255609,8,1,0,84.05586505123287,0
12.598686736817953,2.9510600742062483,4,10,0,162.6156178934063,0
3.4755981858238356,30.993740267982307,10,20,0,68.90428797791898,0
7.746489488742069,16.837203286093626,14,23,1,55.711359841687305,0
17.589979788735608,22.521363822545247,1,17,1,109.34800457126498,0
6.236156398453259,18.196853630891923,6,15,1,45.984422496441546,1
11.728426929298807,19.112514425475005,3,14,0,75.43626109534969,1
7.702364141966059,3.321556886224383,11,14,0,52.24736141099827,0
7.913314525127008,31.79546574539315,1,12,0,58.33953800961214,0
17.32739912265436,6.637467706918257,12,2,0,111.49498071708243,0
0.5930596524418702,29.163808695619206,7,23,1,15.477301981285603,0
8.975414689244506,22.950621173033777,8,3,0,62.96151787539294,1
4.151569627123492,4.1144390592209845,4,6,1,31.311871195787923,1
13.103759780178454,10.382333865179389,7,9,0,157.39321563331706,0
11.106803493390371,11.57590418368498,7,22,1,74.61771653707807,0
3.0585768052184013,10.94231147625084,14,3,0,26.512234464834624,0
6.600704802217402,8.335204426033206,6,22,1,49.04575855158442,0
6.854024695837846,35.482940972635205,4,19,0,110.5862344527157,0
16.65797757842394,25.71620579292639,3,22,0,103.92759574928921,0
5.488120610182827,14.872218065744768,2,16,0,96.69597079089817,1
13.990143737775973,4.649986920668704,5,9,0,198.16255159195867,1
7.430206703598207,12.03531014838764,3,12,0,55.178425540695265,0
19.42525230690083,14.390466809351635,7,12,0,122.64339298906658,0
1.719433117089603,25.993957735244322,6,5,0,17.091217396758715,0
4.5256842700865345,8.984196067361673,6,2,0,35.81463936741849,0
6.546657629071002,18.265995852783053,5,7,0,92.1172364483644,0
4.1160617558713275,35.73189462441127,9,10,0,78.36218762194657,0
16.065162250416257,19.490415559828353,7,3,0,101.26250223274437,1
4.655695362838994,11.734695589537697,11,0,0,37.10122027587755,0
16.928065001620126,16.635702943551642,4,9,0,264.3969152057183,1
4.493665359346413,39.767162010249464,9,14,0,40.365585240085935,0
19.265777524191165,19.772941783528758,7,13,0,123.67810221999935,0
3.6268523250056486,28.173980492726024,2,8,0,69.9208197393246,1
13.962319873040052,29.846476987736015,2,6,1,96.15712327707269,1
9.718764497217666,2.0596200948838908,10,23,0,62.22998829651913,1
9.206572524427093,19.28866141101494,10,19,0,124.50126035093584,0
4.901330239960173,23.127802388628165,14,1,0,35.635816899255246,0
9.948016372338573,37.28038399176537,8,12,0,68.13624991646763,1
12.765190836306813,7.110356871889348,1,4,0,86.18965953542904,0
18.215746825315776,37.349047098930825,2,6,0,119.81392965518128,1
1.0066261916006933,14.978405639040272,11,12,0,17.673042237137558,1
15.205510045613345,21.495320656357567,9,1,0,93.58043626765154,1
9.50190668162499,37.92878191638205,6,2,0,63.60948522135507,1
10.781264563366827,16.255726718298657,13,11,1,72.66571114791083,0
12.309619728607363,34.24162908152246,2,17,0,194.73721786587592,0
0.3002890576925677,37.881197180786394,1,19,0,38.3384878398253,0
18.41646260778362,7.289003059011946,12,20,0,293.2357525049809,0
1.0257889833309008,25.950007161320695,4,18,0,46.69496599769786,1
12.801510212490058,36.300179251539596,12,14,0,88.50972828223753,0
19.414557736749053,6.107056396200176,12,4,1,120.09214454002327,1
6.9374856460442045,15.689682537347228,4,16,0,109.72522607099972,1
9.644427984281219,35.16748367733597,3,16,0,151.43508871141555,0
13.72605407438937,16.944254230921665,2,14,1,85.14955845627567,1
18.22905355764161,18.147809262508947,3,12,0,118.36714610597608,0
11.771550879669244,22.719493268668355,2,9,0,159.3168255874151,0
15.146548827119592,12.709642964275655,11,23,1,98.44601355538047,1
3.839036766035431,6.93269576281655,8,5,0,30.097490228369708,1
12.416580661511704,36.904253867548334,10,0,1,82.80041003112291,0
2.1508346410545496,39.07319677392242,10,6,0,29.508520751625724,1
1.8687571518576827,19.85860881796743,2,6,0,16.561154446745732,0
0.9020475599410542,19.764069683459287,3,8,0,35.61821336466852,0
15.249184656004587,3.931335651323629,7,4,0,93.33674134005237,0
7.244047161739092,18.498302028516928,7,5,1,49.39629002024126,0
14.239654640608546,2.735568815879374,1,1,0,90.30189310125928,0
17.521877163519346,19.94488467453993,9,22,0,112.64745703030249,0
5.8461130773077175,21.806647660788236,3,16,1,44.76264726093558,0
16.76876499615275,39.89758084919068,2,14,0,111.45952280151943,0
19.96415857494041,17.20576894478745,11,9,1,124.1880427634381,0
5.687126013679152,1.8783353840304036,1,13,0,40.645197054567596,0
17.452849409375144,32.044575886584454,14,13,1,116.3329314000601,0
14.334222629264731,18.533650869378743,8,20,0,196.30164744585664,0
3.2879648164179835,9.182644518198883,14,7,0,60.00628852681821,0
3.9760031473091466,10.876225275906751,9,8,0,61.36962899043981,0
14.87598873966405,31.49330416980478,11,2,0,102.21988936789975,0
12.477218301788065,20.24865996841239,7,0,1,78.9642079599045,1
3.25311232511872,36.83349929546641,13,14,0,29.06605808007378,1
15.633834287201429,13.797789066687187,10,7,0,210.10311747777098,0
12.724415632834775,3.091110873586503,14,3,1,81.9777075600619,0
18.94153503932085,36.46385432382323,6,16,0,289.3556534113351,0
12.815818752781528,9.22169409149163,14,15,0,84.33578853164593,0
6.207684925382817,34.63175380242635,5,1,0,49.02527918682915,1
14.637403025330238,2.7592349483623293,12,14,0,94.04061364657487,0
18.10825682806988,38.67887635538859,7,0,0,120.10892994318469,1
11.34080968161404,37.6873270154804,10,13,0,77.11294934840942,1
3.5388014441466003,19.0282574850796,8,12,0,28.761830528748405,0
6.206577958356261,17.172254906966543,2,12,1,44.77566390494821,0
15.030035728041938,10.606387738159173,9,2,0,95.89302795914601,0
3.319109936719873,23.853748882071145,5,19,0,61.55035218951445,0
11.399052899937013,24.226660739564203,2,22,0,76.79860630861674,1
7.8186031902973765,8.665586884425128,6,12,1,54.959286125380885,0
8.779735135169858,17.992253835070986,13,2,1,61.71406780023022,0
0.549260869755654,21.189382826702868,2,16,0,26.828646602444056,0
15.337894083852484,5.448643071062139,7,0,0,97.23347926889238,0
7.045011833437051,21.240430393756544,13,3,0,46.88625238280111,1
3.4786157012910275,25.44483961802009,11,16,1,26.54991652398518,1
3.780905322195937,35.8035951603871,8,2,0,31.718261309107945,1
3.6678342888556386,13.054278268482111,13,4,1,26.347177248683106,1
5.780842685301819,28.48466309288334,9,10,0,91.65452078052037,0
1.5643372868795271,39.494283452706604,2,5,0,24.742137033788794,0
9.350631340655008,14.351188691639724,3,19,1,62.926965907347174,1
7.017830177015098,14.937371660309587,1,11,1,52.85055412447869,0
6.94750269993822,19.3436160121079,2,1,0,49.13736348669195,0
18.362353353530327,26.59467995696214,10,1,1,119.58529487680906,0
10.371089065008993,29.766923737041775,6,22,0,73.95587266663603,0
14.504737210991962,28.67628740089708,4,10,0,229.64853700694152,0
7.2690817283081195,15.423174948220359,7,3,1,49.06741852437989,1
11.590516832852305,38.81436984218174,5,4,0,84.0569565635883,0
18.66558150775739,38.517563238655285,5,21,0,324.14936961663824,0
14.275305159312625,33.0697074432818,12,7,1,95.8988277098405,1
4.97358513812729,21.460237408031226,3,4,0,38.30829083461822,1
8.578318349964805,38.65616785305377,5,17,0,160.0939706879717,1
15.928059152921147,1.0508971036983201,9,18,0,218.1744312312332,1
11.026972881420763,19.44455310291917,13,15,0,73.06526129816842,0
18.274228984624934,18.64096805962549,3,1,1,115.68528312735981,1
11.282436948043202,37.302683859867955,5,23,0,78.28880825273811,1
17.83831493305227,10.075612253607138,8,8,0,260.0786974208238,0
6.9734629376977715,33.51866086362689,3,3,0,54.118750052311135,1
18.06872005111678,9.345053048064019,5,1,0,115.49193968705829,0
12.259577522858217,3.149665522066591,11,10,0,177.7677762497557,1
19.19356259088972,27.50598763851691,3,11,1,125.8512645808871,0
0.8434004389673437,24.288763999384017,2,11,1,16.53607470818382,0
4.284155766721609,30.606547279300017,6,20,0,92.71328860034005,1
15.927748467905,33.71285020918949,13,21,0,262.35520778139295,0
9.206165018936295,39.76650859923156,12,23,0,68.18061184204686,0
16.048517720926323,27.75115310089681,8,8,0,193.22995646043057,0
0.40102566892402103,19.959827256412247,13,6,0,8.23468172535157,0
5.515714493197331,33.45728927178987,4,11,1,47.421792188729306,1
10.03464872314694,6.733669955402862,10,19,0,142.43727337877925,1
19.916578813353794,30.854636109398427,5,1,0,128.79193493764194,1
9.300736895687894,20.8420520929951,6,1,0,63.3718357259659,1
5.543725191518468,27.15897361804604,5,8,0,89.67657132374754,0
9.417384073585566,17.56517790744203,5,12,1,65.53524655456319,0
15.251906689245919,14.544096158134003,12,18,1,97.42836373756802,0
4.22875020869647,17.600531140874374,1,11,1,33.56528026229997,0
8.489036997313855,32.57902724185388,7,16,0,122.13692049461913,0
14.252426789476832,15.526183380732618,1,13,1,92.30169882776572,0
16.4624486056565,11.158890570092883,3,14,0,105.06466299910669,0
2.4155299651615407,34.9211624180611,2,16,0,55.88030502526096,0
2.717482867126967,32.63860116464865,5,23,1,29.33786739935912,0
11.279791190505707,11.597495944778412,14,19,1,76.17371984119048,0
18.86626024478972,18.82715521742185,14,20,1,116.44736054190471,0
3.433090226021467,17.696660584561066,3,7,0,73.64551741761254,0
13.108729600995,17.32089189664828,10,22,0,91.523994354605,0
10.570827338475613,11.934319141719293,8,22,0,72.56503080686547,1
11.95897748310789,27.266117487619578,6,23,0,80.46065100557283,1
19.638646383417807,36.328653703033275,7,7,0,240.28803436251837,0
15.225850529472865,4.605797332142659,10,10,0,203.49920377635524,1
7.068812813597693,26.73443376391322,9,18,1,52.47777309538918,0
1.479251071075413,37.942309549880534,2,2,0,19.827421373872944,0
18.66659012153996,10.37392760712659,11,15,0,119.12408720601071,0
18.2317364935842,3.8994025657851874,13,1,0,112.36936707026491,1
19.608607979268292,29.61052986628803,9,22,0,128.29562199120033,0
2.2313999248636427,24.641158175697267,6,20,0,56.499338614739614,0
4.072621960038785,34.28254844579064,3,3,0,37.46196272467352,0
7.322184264194432,1.7418302704241402,14,10,0,130.26182358639062,0
2.9163635550827034,7.45330294562324,6,22,1,27.372658401306353,1
16.38939299124056,12.134170784725159,9,21,0,227.22090066371112,0
8.877489844873834,22.616338954224958,8,12,0,60.49492655704446,0
3.326914979296844,33.27719443554026,14,23,0,33.156559766567966,0
6.207159864877274,38.446516786039666,11,12,0,45.298743469395944,0
5.854673779947702,39.45545346984827,7,8,0,126.39365149477379,0
16.764371942291152,6.432635998668888,1,0,1,104.72519664733848,1
4.248529237911465,3.0437099658948066,7,13,1,36.08070057940499,0
15.280416110666643,4.672602007278702,8,12,0,98.15113977599462,0
3.012274083113295,25.539699372521376,4,2,0,33.46294715332226,0
6.193918600823921,7.600569563288848,3,1,0,45.61963989825217,0
5.094759589730908,34.02295119783442,6,0,0,41.86404768946556,1
13.722397115580472,29.0736178488964,3,16,0,209.0304123091463,0
2.3655741947193385,9.977148993477877,7,6,0,19.712752055584534,0
3.9411944135813646,13.745094742163824,13,16,0,58.49419382867623,0
5.475555149939785,9.212261881461869,5,8,0,80.66795330571976,0
4.250600684066242,35.04345639505291,2,17,0,87.35584115886812,1
5.746286816676786,23.38323946711959,4,22,0,46.4966307994821,1
18.837079273570478,31.473049818587505,8,18,0,296.7963871050579,1
0.889557768350367,8.531553810030424,9,4,1,15.547331383244202,0
4.550929840859143,17.48144090341087,6,0,0,30.709106023134332,1
6.149364422951358,17.00459413947485,13,0,0,42.13873747423219,0
5.471787778239231,22.26909923233419,10,15,0,45.70846401041308,0
15.59625417258194,3.2170529478080523,8,0,1,95.02039603351436,1
2.496542944592862,24.531291136565198,11,1,0,25.919456197237107,0
19.57747753811089,20.780209472853173,4,13,1,125.69117525002939,1
9.966525022035674,12.980282482362911,2,12,0,66.2437692007307,0
4.608386395540106,12.24245364087599,2,1,0,33.61268064956344,0
3.4739758673900796,25.278379290425313,12,12,0,24.67596279026588,0
2.70033767201442,9.535411180567046,12,9,0,50.16554190337066,0
0.5732228923257595,17.185177097579196,4,0,1,11.858164139326654,0
4.220728770002628,11.465520551981637,13,21,1,31.750528068186114,0
4.569099138805124,17.348656040163508,6,6,0,36.33661553920605,1
12.80938884493225,32.97797617134421,3,17,1,85.16046079044038,1
6.674579144410727,24.6511280179066,13,2,0,51.040510495518085,0
12.437966745200884,21.72687166409295,6,0,0,84.06693269520706,0
6.905957599531232,6.8634979281211335,4,13,1,50.56621345740072,0
7.018462045983519,31.989115864028374,3,2,1,52.05764035560314,1
17.175084277632525,4.836835841906216,14,20,1,111.52283933924501,1
6.75495807687214,17.226028261033747,1,14,0,51.297185292880435,0
0.9699088656653694,17.7373635356783,6,18,1,15.149894452039899,0
7.593033429064513,7.455715556569987,7,7,1,54.129152533051716,1
7.119316106681427,26.449478911430486,8,23,1,55.549187278136074,1
17.872551880858058,36.078782110047875,6,7,0,255.22888093682704,0
2.3953979890363533,25.785018337740176,8,1,0,22.20471920547881,0
12.554012496786646,5.919416145919328,9,21,1,81.19765379762293,1
16.151136662487062,33.31098475981041,8,10,0,246.01983634613353,0
17.34904751052965,7.633629151645863,11,12,0,112.11496954932913,1
4.9326629939180044,7.783990607395525,10,14,0,37.72436273037676,0
11.035774421419326,39.8722602092589,8,11,0,186.38801232662755,0
4.788793516481974,27.129901535511312,12,5,0,43.95409825001026,0
13.737827307784734,5.1364157095671334,6,18,1,87.81153455904342,0
6.213972484424516,21.95030500532153,9,2,0,42.71719999465677,0
3.688024958041718,29.9345548288389,3,9,0,82.08102075457762,1
14.961872511049664,30.019294616988233,2,14,0,96.26093584811876,1
10.988026504784527,3.8923799852400403,2,21,0,188.91141078094367,1
6.8413994719381614,30.546253369964482,4,17,0,123.20067161953314,0
0.27965685785411004,36.3340313408013,14,6,0,12.661228611272259,1
5.6432911247346516,20.223815708816122,11,16,0,76.63024707807814,0
8.448774004447074,8.660870196168442,14,1,1,56.83122379190887,0
5.10366923646876,22.91503932470452,6,6,0,41.57655331163079,0
2.984792417237369,30.28216915588263,14,3,0,24.95685798067208,0
12.338087054010524,29.661061343203354,14,10,0,189.7201820932256,0
11.118563088352403,38.93027515040188,5,3,0,79.30741870188716,1
0.7617603195712503,26.237486656609825,11,9,0,28.19287520409153,1
18.28089029763899,15.571310603424783,4,11,0,283.3100515613927,0
9.678635456201633,13.777408282169132,1,21,1,66.33066798487042,0
12.285807895606233,14.409832939079095,5,12,0,82.76466579460605,0
0.39918260823671736,31.774578578697813,7,0,0,10.814855780724674,0
2.5162648291086933,37.641020406968906,2,12,0,24.22149292285015,1
9.430546448780117,9.7761371655081,12,18,0,158.9794858019063,0
8.329139901989409,37.04962831949073,3,12,0,63.19349269120749,0
13.663569847181103,34.414600892419465,14,18,1,94.14200105867387,0
16.88692036951178,32.45240966335011,9,22,0,112.89852962630151,0
0.7263035214534677,22.179219951182727,8,1,0,11.03221592494439,1
6.352964432069238,29.106330955044054,6,9,1,49.36856781308156,0
12.747077122975776,6.071025854002931,6,1,0,80.64882943145146,0
15.703950097713953,33.78681637455,10,6,0,106.19909945516304,1
4.841421385316382,7.5716710458884675,12,19,0,85.73600132061178,1
8.647234365129247,14.688674264492155,11,23,1,56.026660170718046,0
16.01194668880474,28.06983908929223,7,4,0,104.74279005528345,1
6.66485032262636,27.321306576946615,5,23,0,52.31766695156121,0
11.252843714095018,34.992552052804754,11,21,0,139.4402649300981,0
9.075908756133579,11.486497288079686,10,12,0,61.500520481592524,0
0.9831335517177233,28.39182218187394,7,6,1,18.654725267901117,0
11.769251276553497,22.547529584010586,12,7,1,74.89258843991709,1
5.495629434353525,23.35903833083187,14,9,1,44.34637805732118,1
18.982035036727662,39.989536421395485,4,13,0,122.88498637644346,0
7.94707183317591,26.069866450014,9,11,0,131.05663986586927,1
3.2892534318519884,24.16131760177835,14,23,1,30.80829503826436,0
3.5965027730904695,20.171387709166666,8,2,0,28.25051368987424,0
12.91283536820572,6.42582849156211,12,21,0,159.66104517782014,1
6.2065104603369186,27.841463042615132,9,11,1,45.94694912599716,1
12.308563914623049,10.40777646599934,4,6,0,80.76243968001899,0
15.468182799537539,3.6872574486956937,2,4,0,101.3455825865327,0
14.340095237379987,28.432251199844597,10,22,0,92.38153787892337,0
12.3777201611329,8.472321360590108,2,2,0,83.43300164155175,0
3.214446910760545,38.64587421605391,1,18,0,88.50800557850133,0
19.572035436376837,2.370205863691057,11,4,0,123.58688797334348,1
5.300921810036973,22.272525653652778,4,9,1,41.1006394465277,1
9.338043630206784,29.54572449029507,8,5,1,63.55728549453469,0
5.2700576176357385,10.936763657760954,5,1,1,43.22019420722893,1
14.676939547302046,21.07132641235126,14,4,1,95.52879871646925,0
5.1840435408037,5.564223834518703,13,4,0,40.46044939926556,0
7.345004669017216,33.28463059185635,11,3,1,52.8107764917509,1
5.534152254148699,13.079938840095885,3,6,0,37.48263130990328,1
1.9199955177514905,20.247684593814636,4,10,1,19.863908638133143,0
10.786970839735945,19.40935223839689,10,20,1,70.05772090514837,1
4.559687485650359,36.653935749777155,7,9,0,89.46187692570336,0
19.54179850000422,28.785769426518204,7,18,1,123.99064075712079,1
13.251940974725414,3.1856098710689844,2,2,0,86.82371253461449,0
6.433036294979447,5.48869307251304,5,20,0,116.98640086741756,0
2.5344327238672775,17.27895725125835,14,10,0,53.49423866943525,1
9.616054603424878,28.590042107559842,5,1,0,63.043508859773134,1
16.93669793653084,37.288365205096525,2,23,0,114.66773160734924,0
9.286413356622973,22.68736818468551,9,20,1,65.27128177002348,0
11.132210789361642,39.76815974193288,2,23,1,75.58838505551381,1
1.1421563006153104,36.20945200810285,1,14,1,18.94051420087431,1
15.459949683225576,10.555717564627361,9,21,0,199.06588673041625,1
5.729775379305022,12.253884861466974,8,13,0,43.836269451998454,0
9.90141989393617,15.919034554866299,9,13,0,65.59910697576372,1
16.755641982343594,31.081702312770453,4,1,0,108.34869517037883,0
15.399068276032407,27.184135279645762,3,16,0,246.17569097757135,0
0.34053793926829434,39.68793332448151,3,11,0,36.62237413446199,0
11.76573500912533,17.576067590441447,8,15,1,70.8850992121215,0
3.4267601188645593,21.186479563135407,14,15,0,29.023818443049876,1
8.732452352390242,21.0033308159604,2,5,1,58.68447012932182,1
1.8128830389005086,20.826815623110985,8,7,1,14.319464644278362,1
16.773618870806757,13.90590342048319,13,5,1,102.11427216593385,1
18.672807404828514,24.0382318937062,4,16,0,256.7389414415112,0
8.035822617826364,36.22299443013227,11,4,0,61.35475622937868,0
15.477529072858454,8.281518805243504,8,17,0,244.050379215334,0
10.969709612953666,36.676415427757284,5,15,0,75.93387233426682,0
7.852505707245943,23.741089987479327,14,16,0,111.57987183158012,0
0.6254858736551995,13.563813292833888,12,5,1,10.129872660381166,0
19.081626883045907,12.574499805738093,9,8,0,232.38652389149777,1
10.931609244651353,24.982514134385763,6,21,1,69.0789613160148,1
17.404595273502597,35.50812037673557,3,14,0,112.7381522475731,0
7.221334188714936,38.210734188895835,11,7,0,118.52017588788519,1
17.661704504998724,28.21003749135795,11,5,0,110.98586673621453,1
2.9988980281364475,38.53896989502839,3,3,0,35.97544869704467,0
7.653988955745766,7.302684056197445,14,1,1,54.61996353828828,0
5.923431891297317,27.465782511759603,2,7,1,42.416823371948425,0
5.6343659133950075,25.255394492279613,6,0,1,42.47402590523169,0
10.694908732056533,14.822477315869211,2,12,1,71.41838882571079,0
10.383208211273008,1.1583584029958929,5,16,0,178.23672115006192,1
7.666787149623138,18.91032145603291,3,11,1,52.73579528990922,1
19.624990619948044,23.562538399403525,12,3,1,121.14838103872201,1
6.024257264268559,39.96749091828615,8,20,0,107.97073078288211,0
13.702519583387824,10.56774654463343,7,5,1,86.5849063586037,0
19.25185752350884,3.0236625789288523,8,0,0,123.73079806110836,0
13.753188119174395,36.4698551892034,2,11,1,91.74329810330372,1
3.7936098724624907,7.4583498673543565,2,22,0,33.78455211252084,0
7.193470746444888,3.300046279320308,10,8,0,112.69415102564368,0
17.674707625665114,16.4705059282416,5,23,0,112.98779477603236,0
2.8349300977759513,11.48463862511295,1,18,0,59.268122327933355,1
14.326562198132422,11.058160996224156,8,11,0,216.13968101063057,1
6.606816132781425,17.32993309425754,7,5,1,44.83268341709641,0
5.117557107774614,16.638103102405722,10,0,0,36.82967687616567,0
18.770809077528945,1.1329354156801552,12,21,0,235.22871488582928,1
4.875681767586498,15.643418412172187,14,10,0,82.78063315180549,1
5.668666180297804,15.771025584309223,7,7,1,38.23500589289802,1
1.5480232504584024,5.2782977394710295,8,18,0,36.032701763343965,0
10.41640741875107,28.721402632345157,6,5,0,67.44221691844182,1
12.796530818341802,13.19796198610607,6,1,0,81.07397507347288,1
9.62777332910474,26.21365506538397,6,14,0,71.72419117423503,0
9.605191835524932,18.93423391767584,8,9,0,150.4795099490485,0
3.4975046224266366,37.624741458824204,4,2,1,32.92728893554108,0
2.464802928375921,35.706742177958446,14,16,0,51.48849256863027,1
7.74432866121369,14.14937113911095,5,14,0,49.11082810537833,1
12.163006785638043,25.660016292133296,7,19,0,160.23867809045845,1
0.9591297955400702,38.26949772282028,10,13,0,22.404081779328585,1
15.49794541750946,18.61239766186648,2,5,0,103.09757124877645,0
0.2134770456099202,9.931281860866806,12,23,0,11.26023743045981,0
19.81139252788144,37.965370655770116,7,12,1,132.8828361207072,0
17.746768350420012,23.148441072518477,14,7,0,288.1247914867988,0
16.506598184240833,20.936032323485747,9,15,0,105.72657084005544,1
14.955610436385049,25.88427029026727,5,4,1,104.8940889334756,0
11.423391504392539,14.11956920482769,5,4,0,73.52082426988099,1
19.208697566980128,37.3508427578938,8,10,0,325.67133344560443,0
13.122282286584989,10.456205827919064,11,9,0,219.33762733505256,0
19.10059606349453,25.973342290109755,1,5,1,124.08114097848488,0
3.34696208263359,20.05748733763064,13,19,0,68.53043093836166,1
9.622052881128079,5.032039961277002,10,19,0,127.90748431801107,0
13.234079518962849,5.406775441585291,3,0,0,83.47471336540737,0
5.085643527496843,9.75617579745145,14,17,1,39.873148397395354,1
12.475176367650915,32.670814780316924,1,8,0,155.23646019930382,1
5.214858718573294,35.149054979905884,14,20,1,45.375195433760126,1
2.6828198225919166,35.13094941410645,12,21,0,59.022627430560526,0
3.6311976141194484,5.297097336248531,10,21,1,29.268094524364948,1
15.205122025862028,10.75601586830409,8,3,1,99.68971463622691,1
7.217297292268399,36.3238414498227,6,6,0,55.924110892630786,0
16.530110811738442,1.3351171997931996,5,21,1,107.37539465480114,0
5.107441471204164,5.235516431085345,5,9,0,98.99763639582571,0
5.110642858192669,30.910819465520866,1,17,0,81.12459921140021,1
2.4317025710579756,22.48622058875901,10,8,1,21.90316318865299,1
1.6598205982787084,9.687970605019089,3,19,0,47.300651036827226,0
12.60506616628449,24.696304306985414,1,6,0,87.39074290153191,0
6.774631804802613,30.96429286461642,1,1,0,53.3779038230814,0
2.6356788041257047,26.917858042649627,2,14,1,19.352269312515954,1
9.021342638902322,5.223209039876587,13,21,0,129.9090013377952,0
0.8814226899902171,29.753498242489883,8,18,0,39.820292840588735,0
9.43854004195475,2.93808067133723,4,20,0,117.00216245327391,0
5.92200911759256,35.26275638612011,12,21,0,109.71079575869571,0
1.5963617400736483,6.1895433511392195,10,2,0,19.076867377462797,0
15.437182296142547,27.488938169885838,5,16,0,259.4895902688247,0
17.333829849390597,39.956019550209064,6,20,0,282.62094305206267,0
10.914039764465539,4.543842708116917,13,22,0,73.67562036126381,0
8.809738880953972,1.7348988396042189,6,11,0,139.411994085563,0
12.308015033920315,35.982241485402014,3,1,0,81.85176879549176,0
13.043648400550358,4.412633801394758,9,13,1,83.03493117516506,0
18.02288794105525,31.392887297466512,4,7,0,237.64941297172777,0
14.075316397498078,9.233638458423075,6,3,1,92.83035651401568,0
11.584874129332682,15.488720687286358,11,5,1,79.64516243339452,1
2.148711535238337,17.90090015253861,7,18,1,16.888514027971738,0
6.452525689346285,2.053789939025622,14,19,1,43.44909495923287,0
15.19025466626916,29.41382625774824,7,8,0,192.08353029109725,0
18.457474884055166,13.3365393913517,9,19,0,244.4338916922251,0
8.03474651538551,9.429138433106287,7,14,0,59.82677115295956,0
6.427363536554121,33.3983901118411,8,0,0,48.569214721547596,1
4.762762809301701,20.943565748030917,1,8,0,65.22044218748961,1
0.3251047324159415,30.631625272803312,9,20,0,29.849056797974644,0
7.1268187424470915,4.28884972931751,4,12,0,55.2633062124844,1
2.1736644554929176,27.317577761576494,9,3,0,22.712802069334874,1
18.90036180609062,24.326519100985863,3,16,0,303.5297566955133,0
6.724731928362085,20.581999336557196,6,16,0,99.0374931361873,1
12.678107029634832,22.909795638056536,2,19,1,85.99864250849132,0
14.423867118964454,38.92096231686106,6,5,0,101.01619797214349,0
19.232850817087012,10.968827890566448,4,12,0,120.99445041044407,0
18.504346227782076,18.832235710233384,12,15,0,116.2595606193946,0
3.137850965505783,16.044362504714258,4,11,1,27.839721049336074,0
10.500437100966307,11.794768282517227,1,20,0,141.7287179082983,1
17.09932826828721,14.591397098585459,13,5,1,108.16235333150097,1
19.49145166817436,32.75013225910544,3,2,1,134.30377533030824,0
2.303614196883572,7.048855298432016,14,16,0,45.67443797843443,0
1.63393604881723,36.07776325263212,4,11,1,22.043385951945737,1
1.3417237416138899,16.52201224846068,14,9,1,14.993203381412089,0
13.083075027206869,27.96238567086886,9,5,1,88.0608731238745,1
7.625865339068323,1.17295210518361,5,10,0,140.1908790675582,0
